target_file,probe_file,n_isecs,target_id,probe_id,target_complexity,probe_complexity,isecs_image,comparator,correct_resp,show_break,show_target
./resources/curve_5_black.png,./resources/curve_5_pink.png,2,5,5,3,2,./resources/isecs_5_5.png,2.5,left,0,1
./resources/curve_5_black.png,./resources/curve_4_pink.png,2,5,4,3,2,./resources/isecs_5_4.png,1.5,right,0,0
./resources/curve_0_black.png,./resources/curve_3_pink.png,0,0,3,2,2,./resources/isecs_0_3.png,0.5,left,0,1
./resources/curve_0_black.png,./resources/curve_2_pink.png,0,0,2,2,2,./resources/isecs_0_2.png,0.5,left,0,0
./resources/curve_7_black.png,./resources/curve_3_pink.png,4,7,3,4,2,./resources/isecs_7_3.png,4.5,left,0,1
./resources/curve_7_black.png,./resources/curve_1_pink.png,2,7,1,4,2,./resources/isecs_7_1.png,2.5,left,0,0
./resources/curve_9_black.png,./resources/curve_3_pink.png,4,9,3,5,2,./resources/isecs_9_3.png,4.5,left,0,1
./resources/curve_9_black.png,./resources/curve_1_pink.png,5,9,1,5,2,./resources/isecs_9_1.png,5.5,left,0,0
./resources/curve_10_black.png,./resources/curve_5_pink.png,4,10,5,5,2,./resources/isecs_10_5.png,3.5,right,0,1
./resources/curve_10_black.png,./resources/curve_1_pink.png,4,10,1,5,2,./resources/isecs_10_1.png,3.5,right,0,0
./resources/curve_6_black.png,./resources/curve_5_pink.png,3,6,5,4,2,./resources/isecs_6_5.png,2.5,right,0,1
./resources/curve_6_black.png,./resources/curve_3_pink.png,3,6,3,4,2,./resources/isecs_6_3.png,2.5,right,0,0
./resources/curve_11_black.png,./resources/curve_2_pink.png,6,11,2,5,2,./resources/isecs_11_2.png,5.5,right,0,1
./resources/curve_11_black.png,./resources/curve_4_pink.png,4,11,4,5,2,./resources/isecs_11_4.png,3.5,right,0,0
./resources/curve_2_black.png,./resources/curve_0_pink.png,1,2,0,2,2,./resources/isecs_2_0.png,0.5,right,0,1
./resources/curve_2_black.png,./resources/curve_4_pink.png,1,2,4,2,2,./resources/isecs_2_4.png,0.5,right,0,0
./resources/curve_7_black.png,./resources/curve_2_pink.png,4,7,2,4,2,./resources/isecs_7_2.png,3.5,right,0,1
./resources/curve_7_black.png,./resources/curve_5_pink.png,3,7,5,4,2,./resources/isecs_7_5.png,3.5,left,0,0
./resources/curve_1_black.png,./resources/curve_1_pink.png,1,1,1,2,2,./resources/isecs_1_1.png,0.5,right,0,1
./resources/curve_1_black.png,./resources/curve_4_pink.png,0,1,4,2,2,./resources/isecs_1_4.png,0.5,left,0,0
./resources/curve_8_black.png,./resources/curve_2_pink.png,2,8,2,4,2,./resources/isecs_8_2.png,2.5,left,0,1
./resources/curve_8_black.png,./resources/curve_0_pink.png,0,8,0,4,2,./resources/isecs_8_0.png,0.5,left,0,0
./resources/curve_9_black.png,./resources/curve_5_pink.png,3,9,5,5,2,./resources/isecs_9_5.png,3.5,left,0,1
./resources/curve_9_black.png,./resources/curve_3_pink.png,4,9,3,5,2,./resources/isecs_9_3.png,4.5,left,0,0
./resources/curve_10_black.png,./resources/curve_3_pink.png,3,10,3,5,2,./resources/isecs_10_3.png,2.5,right,0,1
./resources/curve_10_black.png,./resources/curve_1_pink.png,4,10,1,5,2,./resources/isecs_10_1.png,3.5,right,0,0
./resources/curve_3_black.png,./resources/curve_2_pink.png,1,3,2,3,2,./resources/isecs_3_2.png,0.5,right,0,1
./resources/curve_3_black.png,./resources/curve_5_pink.png,2,3,5,3,2,./resources/isecs_3_5.png,2.5,left,0,0
./resources/curve_11_black.png,./resources/curve_5_pink.png,3,11,5,5,2,./resources/isecs_11_5.png,3.5,left,0,1
./resources/curve_11_black.png,./resources/curve_2_pink.png,6,11,2,5,2,./resources/isecs_11_2.png,5.5,right,0,0
./resources/curve_6_black.png,./resources/curve_1_pink.png,0,6,1,4,2,./resources/isecs_6_1.png,0.5,left,0,1
./resources/curve_6_black.png,./resources/curve_5_pink.png,3,6,5,4,2,./resources/isecs_6_5.png,2.5,right,0,0
./resources/curve_9_black.png,./resources/curve_2_pink.png,4,9,2,5,2,./resources/isecs_9_2.png,3.5,right,0,1
./resources/curve_9_black.png,./resources/curve_0_pink.png,3,9,0,5,2,./resources/isecs_9_0.png,2.5,right,0,0
./resources/curve_11_black.png,./resources/curve_5_pink.png,3,11,5,5,2,./resources/isecs_11_5.png,3.5,left,0,1
./resources/curve_11_black.png,./resources/curve_3_pink.png,3,11,3,5,2,./resources/isecs_11_3.png,3.5,left,0,0
./resources/curve_3_black.png,./resources/curve_1_pink.png,2,3,1,3,2,./resources/isecs_3_1.png,2.5,left,0,1
./resources/curve_3_black.png,./resources/curve_0_pink.png,1,3,0,3,2,./resources/isecs_3_0.png,0.5,right,0,0
./resources/curve_0_black.png,./resources/curve_0_pink.png,1,0,0,2,2,./resources/isecs_0_0.png,0.5,right,0,1
./resources/curve_0_black.png,./resources/curve_5_pink.png,1,0,5,2,2,./resources/isecs_0_5.png,0.5,right,0,0
./resources/curve_2_black.png,./resources/curve_0_pink.png,1,2,0,2,2,./resources/isecs_2_0.png,0.5,right,0,1
./resources/curve_2_black.png,./resources/curve_5_pink.png,1,2,5,2,2,./resources/isecs_2_5.png,0.5,right,0,0
./resources/curve_1_black.png,./resources/curve_0_pink.png,1,1,0,2,2,./resources/isecs_1_0.png,0.5,right,0,1
./resources/curve_1_black.png,./resources/curve_1_pink.png,1,1,1,2,2,./resources/isecs_1_1.png,0.5,right,0,0
./resources/curve_3_black.png,./resources/curve_4_pink.png,2,3,4,3,2,./resources/isecs_3_4.png,1.5,right,0,1
./resources/curve_3_black.png,./resources/curve_3_pink.png,2,3,3,3,2,./resources/isecs_3_3.png,2.5,left,0,0
./resources/curve_0_black.png,./resources/curve_0_pink.png,1,0,0,2,2,./resources/isecs_0_0.png,0.5,right,0,1
./resources/curve_0_black.png,./resources/curve_4_pink.png,1,0,4,2,2,./resources/isecs_0_4.png,0.5,right,1,0
./resources/curve_4_black.png,./resources/curve_4_pink.png,1,4,4,3,2,./resources/isecs_4_4.png,1.5,left,0,1
./resources/curve_4_black.png,./resources/curve_2_pink.png,3,4,2,3,2,./resources/isecs_4_2.png,3.5,left,0,0
./resources/curve_5_black.png,./resources/curve_2_pink.png,2,5,2,3,2,./resources/isecs_5_2.png,1.5,right,0,1
./resources/curve_5_black.png,./resources/curve_1_pink.png,2,5,1,3,2,./resources/isecs_5_1.png,2.5,left,0,0
./resources/curve_8_black.png,./resources/curve_5_pink.png,3,8,5,4,2,./resources/isecs_8_5.png,2.5,right,0,1
./resources/curve_8_black.png,./resources/curve_3_pink.png,3,8,3,4,2,./resources/isecs_8_3.png,2.5,right,0,0
./resources/curve_1_black.png,./resources/curve_2_pink.png,1,1,2,2,2,./resources/isecs_1_2.png,0.5,right,0,1
./resources/curve_1_black.png,./resources/curve_5_pink.png,0,1,5,2,2,./resources/isecs_1_5.png,0.5,left,0,0
./resources/curve_4_black.png,./resources/curve_0_pink.png,3,4,0,3,2,./resources/isecs_4_0.png,3.5,left,0,1
./resources/curve_4_black.png,./resources/curve_4_pink.png,1,4,4,3,2,./resources/isecs_4_4.png,1.5,left,0,0
./resources/curve_5_black.png,./resources/curve_1_pink.png,2,5,1,3,2,./resources/isecs_5_1.png,2.5,left,0,1
./resources/curve_5_black.png,./resources/curve_0_pink.png,2,5,0,3,2,./resources/isecs_5_0.png,1.5,right,0,0
./resources/curve_1_black.png,./resources/curve_0_pink.png,1,1,0,2,2,./resources/isecs_1_0.png,0.5,right,0,1
./resources/curve_1_black.png,./resources/curve_2_pink.png,1,1,2,2,2,./resources/isecs_1_2.png,0.5,right,0,0
./resources/curve_9_black.png,./resources/curve_4_pink.png,2,9,4,5,2,./resources/isecs_9_4.png,1.5,right,0,1
./resources/curve_9_black.png,./resources/curve_2_pink.png,4,9,2,5,2,./resources/isecs_9_2.png,3.5,right,0,0
./resources/curve_2_black.png,./resources/curve_1_pink.png,0,2,1,2,2,./resources/isecs_2_1.png,0.5,left,0,1
./resources/curve_2_black.png,./resources/curve_5_pink.png,1,2,5,2,2,./resources/isecs_2_5.png,0.5,right,0,0
./resources/curve_4_black.png,./resources/curve_3_pink.png,3,4,3,3,2,./resources/isecs_4_3.png,2.5,right,0,1
./resources/curve_4_black.png,./resources/curve_0_pink.png,3,4,0,3,2,./resources/isecs_4_0.png,3.5,left,0,0
./resources/curve_8_black.png,./resources/curve_5_pink.png,3,8,5,4,2,./resources/isecs_8_5.png,2.5,right,0,1
./resources/curve_8_black.png,./resources/curve_0_pink.png,0,8,0,4,2,./resources/isecs_8_0.png,0.5,left,0,0
./resources/curve_7_black.png,./resources/curve_2_pink.png,4,7,2,4,2,./resources/isecs_7_2.png,3.5,right,0,1
./resources/curve_7_black.png,./resources/curve_4_pink.png,1,7,4,4,2,./resources/isecs_7_4.png,0.5,right,0,0
./resources/curve_11_black.png,./resources/curve_1_pink.png,2,11,1,5,2,./resources/isecs_11_1.png,2.5,left,0,1
./resources/curve_11_black.png,./resources/curve_0_pink.png,4,11,0,5,2,./resources/isecs_11_0.png,3.5,right,0,0
./resources/curve_2_black.png,./resources/curve_2_pink.png,0,2,2,2,2,./resources/isecs_2_2.png,0.5,left,0,1
./resources/curve_2_black.png,./resources/curve_3_pink.png,1,2,3,2,2,./resources/isecs_2_3.png,0.5,right,0,0
./resources/curve_7_black.png,./resources/curve_0_pink.png,2,7,0,4,2,./resources/isecs_7_0.png,1.5,right,0,1
./resources/curve_7_black.png,./resources/curve_5_pink.png,3,7,5,4,2,./resources/isecs_7_5.png,3.5,left,0,0
./resources/curve_10_black.png,./resources/curve_4_pink.png,3,10,4,5,2,./resources/isecs_10_4.png,3.5,left,0,1
./resources/curve_10_black.png,./resources/curve_0_pink.png,3,10,0,5,2,./resources/isecs_10_0.png,3.5,left,0,0
./resources/curve_0_black.png,./resources/curve_1_pink.png,1,0,1,2,2,./resources/isecs_0_1.png,0.5,right,0,1
./resources/curve_0_black.png,./resources/curve_3_pink.png,0,0,3,2,2,./resources/isecs_0_3.png,0.5,left,0,0
./resources/curve_4_black.png,./resources/curve_3_pink.png,3,4,3,3,2,./resources/isecs_4_3.png,2.5,right,0,1
./resources/curve_4_black.png,./resources/curve_1_pink.png,1,4,1,3,2,./resources/isecs_4_1.png,0.5,right,0,0
./resources/curve_1_black.png,./resources/curve_3_pink.png,1,1,3,2,2,./resources/isecs_1_3.png,0.5,right,0,1
./resources/curve_1_black.png,./resources/curve_4_pink.png,0,1,4,2,2,./resources/isecs_1_4.png,0.5,left,0,0
./resources/curve_3_black.png,./resources/curve_2_pink.png,1,3,2,3,2,./resources/isecs_3_2.png,0.5,right,0,1
./resources/curve_3_black.png,./resources/curve_1_pink.png,2,3,1,3,2,./resources/isecs_3_1.png,2.5,left,0,0
./resources/curve_7_black.png,./resources/curve_4_pink.png,1,7,4,4,2,./resources/isecs_7_4.png,0.5,right,0,1
./resources/curve_7_black.png,./resources/curve_1_pink.png,2,7,1,4,2,./resources/isecs_7_1.png,2.5,left,0,0
./resources/curve_0_black.png,./resources/curve_4_pink.png,1,0,4,2,2,./resources/isecs_0_4.png,0.5,right,0,1
./resources/curve_0_black.png,./resources/curve_5_pink.png,1,0,5,2,2,./resources/isecs_0_5.png,0.5,right,0,0
./resources/curve_10_black.png,./resources/curve_4_pink.png,3,10,4,5,2,./resources/isecs_10_4.png,3.5,left,0,1
./resources/curve_10_black.png,./resources/curve_5_pink.png,4,10,5,5,2,./resources/isecs_10_5.png,3.5,right,0,0
./resources/curve_8_black.png,./resources/curve_2_pink.png,2,8,2,4,2,./resources/isecs_8_2.png,2.5,left,0,1
./resources/curve_8_black.png,./resources/curve_1_pink.png,3,8,1,4,2,./resources/isecs_8_1.png,2.5,right,1,0
./resources/curve_6_black.png,./resources/curve_0_pink.png,3,6,0,4,2,./resources/isecs_6_0.png,3.5,left,0,1
./resources/curve_6_black.png,./resources/curve_3_pink.png,3,6,3,4,2,./resources/isecs_6_3.png,2.5,right,0,0
./resources/curve_2_black.png,./resources/curve_3_pink.png,1,2,3,2,2,./resources/isecs_2_3.png,0.5,right,0,1
./resources/curve_2_black.png,./resources/curve_4_pink.png,1,2,4,2,2,./resources/isecs_2_4.png,0.5,right,0,0
./resources/curve_4_black.png,./resources/curve_5_pink.png,1,4,5,3,2,./resources/isecs_4_5.png,0.5,right,0,1
./resources/curve_4_black.png,./resources/curve_2_pink.png,3,4,2,3,2,./resources/isecs_4_2.png,3.5,left,0,0
./resources/curve_0_black.png,./resources/curve_2_pink.png,0,0,2,2,2,./resources/isecs_0_2.png,0.5,left,0,1
./resources/curve_0_black.png,./resources/curve_1_pink.png,1,0,1,2,2,./resources/isecs_0_1.png,0.5,right,0,0
./resources/curve_5_black.png,./resources/curve_0_pink.png,2,5,0,3,2,./resources/isecs_5_0.png,1.5,right,0,1
./resources/curve_5_black.png,./resources/curve_5_pink.png,2,5,5,3,2,./resources/isecs_5_5.png,2.5,left,0,0
./resources/curve_7_black.png,./resources/curve_3_pink.png,4,7,3,4,2,./resources/isecs_7_3.png,4.5,left,0,1
./resources/curve_7_black.png,./resources/curve_0_pink.png,2,7,0,4,2,./resources/isecs_7_0.png,1.5,right,0,0
./resources/curve_11_black.png,./resources/curve_0_pink.png,4,11,0,5,2,./resources/isecs_11_0.png,3.5,right,0,1
./resources/curve_11_black.png,./resources/curve_3_pink.png,3,11,3,5,2,./resources/isecs_11_3.png,3.5,left,0,0
./resources/curve_4_black.png,./resources/curve_1_pink.png,1,4,1,3,2,./resources/isecs_4_1.png,0.5,right,0,1
./resources/curve_4_black.png,./resources/curve_5_pink.png,1,4,5,3,2,./resources/isecs_4_5.png,0.5,right,0,0
./resources/curve_6_black.png,./resources/curve_1_pink.png,0,6,1,4,2,./resources/isecs_6_1.png,0.5,left,0,1
./resources/curve_6_black.png,./resources/curve_2_pink.png,2,6,2,4,2,./resources/isecs_6_2.png,2.5,left,0,0
./resources/curve_1_black.png,./resources/curve_5_pink.png,0,1,5,2,2,./resources/isecs_1_5.png,0.5,left,0,1
./resources/curve_1_black.png,./resources/curve_3_pink.png,1,1,3,2,2,./resources/isecs_1_3.png,0.5,right,0,0
./resources/curve_10_black.png,./resources/curve_2_pink.png,4,10,2,5,2,./resources/isecs_10_2.png,4.5,left,0,1
./resources/curve_10_black.png,./resources/curve_3_pink.png,3,10,3,5,2,./resources/isecs_10_3.png,2.5,right,0,0
./resources/curve_11_black.png,./resources/curve_4_pink.png,4,11,4,5,2,./resources/isecs_11_4.png,3.5,right,0,1
./resources/curve_11_black.png,./resources/curve_1_pink.png,2,11,1,5,2,./resources/isecs_11_1.png,2.5,left,0,0
./resources/curve_6_black.png,./resources/curve_2_pink.png,2,6,2,4,2,./resources/isecs_6_2.png,2.5,left,0,1
./resources/curve_6_black.png,./resources/curve_4_pink.png,0,6,4,4,2,./resources/isecs_6_4.png,0.5,left,0,0
./resources/curve_5_black.png,./resources/curve_3_pink.png,1,5,3,3,2,./resources/isecs_5_3.png,1.5,left,0,1
./resources/curve_5_black.png,./resources/curve_4_pink.png,2,5,4,3,2,./resources/isecs_5_4.png,1.5,right,0,0
./resources/curve_9_black.png,./resources/curve_1_pink.png,5,9,1,5,2,./resources/isecs_9_1.png,5.5,left,0,1
./resources/curve_9_black.png,./resources/curve_4_pink.png,2,9,4,5,2,./resources/isecs_9_4.png,1.5,right,0,0
./resources/curve_3_black.png,./resources/curve_4_pink.png,2,3,4,3,2,./resources/isecs_3_4.png,1.5,right,0,1
./resources/curve_3_black.png,./resources/curve_0_pink.png,1,3,0,3,2,./resources/isecs_3_0.png,0.5,right,0,0
./resources/curve_9_black.png,./resources/curve_5_pink.png,3,9,5,5,2,./resources/isecs_9_5.png,3.5,left,0,1
./resources/curve_9_black.png,./resources/curve_0_pink.png,3,9,0,5,2,./resources/isecs_9_0.png,2.5,right,0,0
./resources/curve_8_black.png,./resources/curve_4_pink.png,3,8,4,4,2,./resources/isecs_8_4.png,3.5,left,0,1
./resources/curve_8_black.png,./resources/curve_3_pink.png,3,8,3,4,2,./resources/isecs_8_3.png,2.5,right,0,0
./resources/curve_6_black.png,./resources/curve_4_pink.png,0,6,4,4,2,./resources/isecs_6_4.png,0.5,left,0,1
./resources/curve_6_black.png,./resources/curve_0_pink.png,3,6,0,4,2,./resources/isecs_6_0.png,3.5,left,0,0
./resources/curve_2_black.png,./resources/curve_2_pink.png,0,2,2,2,2,./resources/isecs_2_2.png,0.5,left,0,1
./resources/curve_2_black.png,./resources/curve_1_pink.png,0,2,1,2,2,./resources/isecs_2_1.png,0.5,left,0,0
./resources/curve_5_black.png,./resources/curve_2_pink.png,2,5,2,3,2,./resources/isecs_5_2.png,1.5,right,0,1
./resources/curve_5_black.png,./resources/curve_3_pink.png,1,5,3,3,2,./resources/isecs_5_3.png,1.5,left,0,0
./resources/curve_3_black.png,./resources/curve_5_pink.png,2,3,5,3,2,./resources/isecs_3_5.png,2.5,left,0,1
./resources/curve_3_black.png,./resources/curve_3_pink.png,2,3,3,3,2,./resources/isecs_3_3.png,2.5,left,0,0
./resources/curve_8_black.png,./resources/curve_4_pink.png,3,8,4,4,2,./resources/isecs_8_4.png,3.5,left,0,1
./resources/curve_8_black.png,./resources/curve_1_pink.png,3,8,1,4,2,./resources/isecs_8_1.png,2.5,right,0,0
./resources/curve_10_black.png,./resources/curve_0_pink.png,3,10,0,5,2,./resources/isecs_10_0.png,3.5,left,0,1
./resources/curve_10_black.png,./resources/curve_2_pink.png,4,10,2,5,2,./resources/isecs_10_2.png,4.5,left,0,0
