target_file,probe_file,n_isecs,target_id,probe_id,target_complexity,probe_complexity,isecs_image,correct_resp,show_target,comparator
./resources/practice_0_black.png,./resources/curve_4_pink.png,1,0,4,2,2,./resources/practice_isecs_0_4.png,right,1,0.5
./resources/practice_0_black.png,./resources/curve_1_pink.png,0,0,1,2,2,./resources/practice_isecs_0_1.png,left,0,0.5
./resources/practice_1_black.png,./resources/curve_1_pink.png,1,1,1,2,2,./resources/practice_isecs_1_1.png,right,1,0.5
./resources/practice_1_black.png,./resources/curve_0_pink.png,0,1,0,2,2,./resources/practice_isecs_1_0.png,left,0,0.5
./resources/practice_2_black.png,./resources/curve_5_pink.png,1,2,5,3,2,./resources/practice_isecs_2_5.png,left,1,1.5
./resources/practice_2_black.png,./resources/curve_4_pink.png,2,2,4,3,2,./resources/practice_isecs_2_4.png,right,0,1.5
./resources/practice_3_black.png,./resources/curve_4_pink.png,1,3,4,3,2,./resources/practice_isecs_3_4.png,left,1,1.5
./resources/practice_3_black.png,./resources/curve_1_pink.png,2,3,1,3,2,./resources/practice_isecs_3_1.png,right,0,1.5
./resources/practice_4_black.png,./resources/curve_3_pink.png,2,4,3,4,2,./resources/practice_isecs_4_3.png,left,1,2.5
./resources/practice_4_black.png,./resources/curve_5_pink.png,1,4,5,4,2,./resources/practice_isecs_4_5.png,left,0,1.5
./resources/practice_5_black.png,./resources/curve_4_pink.png,1,5,4,4,2,./resources/practice_isecs_5_4.png,right,1,0.5
./resources/practice_5_black.png,./resources/curve_1_pink.png,1,5,1,4,2,./resources/practice_isecs_5_1.png,left,0,1.5
